{"cameraMode":{"drawMode":0,"name":"Shaded","section":"Shading Mode"},"sceneLighting":true,"audioPlay":false,"sceneViewState":{"m_AlwaysRefresh":false,"showFog":true,"showSkybox":true,"showFlares":true,"showImageEffects":true,"showParticleSystems":true,"showVisualEffectGraphs":true,"m_FxEnabled":true},"in2DMode":false,"pivot":{"x":-0.5699846148490906,"y":-1.103026270866394,"z":2.6383438110351564},"rotation":{"x":0.14466364681720735,"y":0.01840272545814514,"z":-0.0026930097956210376,"w":0.9893101453781128},"size":0.8660253882408142,"orthographic":true}